Air Zoom Pegasus 38;Nike;Running;Hombre;40-45;Espuma
Ultra Boost 21;Adidas;Running;Mujer;35-42;Boost
LeBron 18;Nike;Baloncesto;Hombre;7-14;Air Max
GT-2000 9;ASICS;Running;Unisex;36-44;GEL
Predator Freak .1;Adidas;Fútbol;Hombre;6-13;Boost
Wave Rider 25;Mizuno;Running;Mujer;5-11;EVA
Chuck Taylor All Star;Converse;Casual;Unisex;3-15;Goma
Revolution 6;Nike;Running;Mujer;35-42;Espuma
Superstar;Adidas;Casual;Unisex;4-13;EVA
Gel-Nimbus 23;ASICS;Running;Hombre;7-15;GEL
React Infinity Run Flyknit;Nike;Running;Mujer;5-12;React Foam
Kyrie 7;Nike;Baloncesto;Hombre;6-14;Zoom Air
Predator Freak .2;Adidas;Fútbol;Hombre;6-13;Boost
Fresh Foam 1080v11;New Balance;Running;Unisex;35-45;Fresh Foam
Chuck 70;Converse;Casual;Unisex;3-15;Goma
EnergyFalcon X;Adidas;Running;Mujer;4-11;Espuma
Free RN 5.0;Nike;Running;Unisex;3-14;Phylon
Ultraboost DNA;Adidas;Running;Hombre;6.5-15;Boost
GT-1000 10;ASICS;Running;Mujer;5-12;FlyteFoam
Pegasus Trail 3;Nike;Trail Running;Unisex;4-13;React Foam